,出現六次以上：, 連續三年ROE均大於10%且近四季年化ROE也大於10%(2022-09-30),連續三年毛利率大於25%且近四季毛利率也大於25%(2022-09-30),連續三年EPS均大於0且近一季EPS也大於0(2022-09-30),近四季EPS逐季均為正值，近四季EPS總和 x 20=當日股價收盤價(2022-09-30),連續三年稅前淨利率大於10%且近一季稅前淨利率也大於10%(2022-09-30),近6月累積營收年增率連2個月增加(2022-12-10),近12月累積營收年增率連2個月增加(2022-12-10),股價低於淨值且當日成交量較5個交易日平均成交量成長50%以上(2021-03-31),近一季稅前淨利較上季轉虧為盈或近一季稅前淨利較去年同期轉虧為盈，且對應季別營收成長30%以上(2022-09-30),ROE連續三季成長，且近一季ROE>10%(2022-09-30),毛利率連續三季成長，且近一季毛利率>25%(2022-09-30),大股東持股比率 6個月(24週) 以來增加 5% 以上或大股東持股比率 連續3個月 上升,外資連續買超5個交易日以上或投信連續買超5個交易日以上,近一週（5交易日）融券餘額增加且近一月（20交易日）融券餘額增加且近一週（5交易日）券資比也增加,近一週（5交易日）融券餘額增加且券資比>=25%,近20交易日盤整（20%）且今日資減券增,今天成交量高於昨日成交量且今日之5日均量較昨日之5日均量成長30%以上,9日K.D 黃金交叉，K或D值在20以下且9週K.D 黃金交叉，K或D值在20以下,近120個交易日最高股價收盤價高於最低股價收盤價30%以上，且目前股價低於該最高股價之10%，且出現下長T線，或十字線之周K線,過去三個月盤整且今日跳空
0,"('2308台達電', 11)",2383台光電,5478智冠,2383台光電,2912統一超,2383台光電,2330台積電,2330台積電,1101台泥,2727王品,3023信邦,2330台積電,1519華城,2723美食-KY,1519華城,2882國泰金,2332友訊,2382廣達,1232大統益,,2332友訊
1,"('1256鮮活果汁-KY', 10)",4927泰鼎-KY,3030德律,1723中碳,9937全國,1723中碳,2317鴻海,2317鴻海,1102亞泥,2501國建,9904寶成,2308台達電,1702南僑,2231為升,1702南僑,6643M31,2357華碩,2357華碩,1582信錦,,
2,"('3653健策', 10)",6669緯穎,2912統一超,2834臺企銀,3023信邦,2027大成鋼,2308台達電,2308台達電,1444力麗,3576聯合再生,6803崑鼎,6409旭隼,6592和潤企業,2337旺宏,6592和潤企業,5536聖暉,2605新興,5876上海商銀,,,
3,"('6472保瑞', 10)",3030德律,9911櫻花,4927泰鼎-KY,2227裕日車,5534長虹,3008大立光,3008大立光,1532勤美,9958世紀鋼,2330台積電,1256鮮活果汁-KY,1444力麗,2379瑞昱,1444力麗,1218泰山,2606裕民,5483中美晶,,,
4,"('1476儒鴻', 9)",2912統一超,4128中天,5478智冠,2886兆豐金,5478智冠,2207和泰車,1216統一,1589永冠-KY,6166凌華,2059川湖,2303聯電,3217優群,1216統一,3217優群,2851中再保,2637慧洋-KY,3044健鼎,,,
5,"('2330台積電', 9)",9937全國,6411晶焱,2881富邦金,2707晶華,3030德律,2382廣達,3711日月光投控,2239英利-KY,6443元晶,1256鮮活果汁-KY,3189景碩,2727王品,6223旺矽,1419新紡,4968立積,2809京城銀,3293鈊象,,,
6,"('5483中美晶', 9)",8150南茂,2108南帝,6669緯穎,1711永光,1301台塑,6488環球晶,2207和泰車,2312金寶,4157太景*-KY,2303聯電,4968立積,2367燿華,6412群電,2727王品,3545敦泰,3704合勤控,3189景碩,,,
7,"('3022威強電', 9)",9911櫻花,8415大國鋼,3030德律,2634漢翔,8150南茂,2892第一金,6488環球晶,2324仁寶,1307三芳,3653健策,6561是方,6116彩晶,2371大同,2367燿華,3406玉晶光,5471松翰,2441超豐,,,
8,"('4551智伸科', 9)",3023信邦,8464億豐,9933中鼎,2308台達電,9911櫻花,5880合庫金,2912統一超,2355敬鵬,4142國光生,4551智伸科,6488環球晶,2392正崴,2637慧洋-KY,2456奇力新,3707漢磊,5522遠雄,2608嘉里大榮,,,
9,"('2707晶華', 9)",6411晶焱,3014聯陽,1301台塑,6409旭隼,3023信邦,1101台泥,1101台泥,2357華碩,9943好樂迪,9802鈺齊-KY,9908大台北,1104環泥,6271同欣電,2882國泰金,3260威剛,,6492生華科,,,
10,"('6533晶心科', 9)",2108南帝,4919新唐,2912統一超,1256鮮活果汁-KY,6411晶焱,2885元大金,5871中租-KY,2524京城,6451訊芯-KY,3017奇鋐,8046南電,1718中纖,5871中租-KY,1536和大,2408南亞科,,4551智伸科,,,
11,"('1216統一', 9)",8464億豐,2727王品,1503士電,1201味全,2108南帝,2880華南金,5876上海商銀,2534宏盛,2367燿華,5425台半,1476儒鴻,8070長華*,2327國巨,6166凌華,3035智原,,2332友訊,,,
12,"('6643M31', 9)",6278台表科,2344華邦電,2354鴻準,3661世芯-KY,8415大國鋼,5876上海商銀,2633台灣高鐵,2605新興,9910豐泰,8069元太,2903遠百,2915潤泰全,2903遠百,6411晶焱,8046南電,,6202盛群,,,
13,"('3529力旺', 8)",2227裕日車,8404百和興業-KY,9937全國,2340光磊,8464億豐,2633台灣高鐵,9910豐泰,2836高雄銀,8462柏文,3450聯鈞,3022威強電,8210勤誠,2345智邦,6116彩晶,3443創意,,3704合勤控,,,
14,"('5871中租-KY', 8)",6803崑鼎,2330台積電,8150南茂,3653健策,1229聯華,9910豐泰,2345智邦,2851中再保,6153嘉聯益,3532台勝科,5289宜鼎,8404百和興業-KY,2360致茂,4576大銀微系統,6533晶心科,,4137麗豐-KY,,,
15,"('6488環球晶', 8)",2439美律,5306桂盟,9911櫻花,9958世紀鋼,3374精材,2345智邦,2474可成,2885元大金,2545皇翔,6472保瑞,6146耕興,2542興富發,2404漢唐,2392正崴,,,6803崑鼎,,,
16,"('2360致茂', 8)",3014聯陽,6582申豐,3023信邦,5274信驊,2227裕日車,2474可成,2105正新,2889國票金,1110東泥,1476儒鴻,3413京鼎,2524京城,2891中信金,1104環泥,,,2524京城,,,
17,"('3661世芯-KY', 8)",2330台積電,4966譜瑞-KY,6411晶焱,6443元晶,6803崑鼎,2105正新,3037欣興,2897王道銀行,2388威盛,3529力旺,3037欣興,1312國喬,2884玉山金,2489瑞軒,,,4943康控-KY,,,
18,"('5471松翰', 8)",6456GIS-KY,2059川湖,2108南帝,1789神隆,2504國產,6669緯穎,6669緯穎,2915潤泰全,2239英利-KY,2356英業達,2607榮運,5536聖暉,2027大成鋼,1718中纖,,,6504南六,,,
19,"('6277宏正', 8)",5306桂盟,2547日勝生,8415大國鋼,6561是方,6756威鋒電子,5483中美晶,4958臻鼎-KY,3049和鑫,3552同致,6548長科*,6533晶心科,2340光磊,2597潤弘,8070長華*,,,4919新唐,,,
20,"('2231為升', 8)",4966譜瑞-KY,2707晶華,8464億豐,4576大銀微系統,3014聯陽,9921巨大,5269祥碩,3673TPK-KY,,3022威強電,2498宏達電,1582信錦,2347聯強,2015豐興,,,3211順達,,,
21,"('5903全家', 8)",2059川湖,2379瑞昱,9904寶成,6244茂迪,1104環泥,9904寶成,1476儒鴻,3706神達,,1216統一,,8482商億-KY,2834臺企銀,2915潤泰全,,,1532勤美,,,
22,"('6279胡連', 8)",3005神基,8482商億-KY,1229聯華,6643M31,4919新唐,2360致茂,5483中美晶,4938和碩,,6146耕興,,3380明泰,6456GIS-KY,2441超豐,,,2478大毅,,,
23,"('6146耕興', 8)",2707晶華,3705永信,6278台表科,3260威剛,2344華邦電,2834臺企銀,9921巨大,4943康控-KY,,4904遠傳,,9940信義,3218大學光,9933中鼎,,,8039台虹,,,
24,"('9910豐泰', 8)",6121新普,2534宏盛,3374精材,8908欣雄,2330台積電,9914美利達,9904寶成,5876上海商銀,,3376新日興,,6188廣明,1605華新,8210勤誠,,,3131弘塑,,,
25,"('3023信邦', 8)",2379瑞昱,9925新保,2227裕日車,3443創意,2104國際中橡,2542興富發,2360致茂,6120達運,,8039台虹,,1218泰山,3042晶技,6643M31,,,5471松翰,,,
26,"('6464台數科', 8)",8482商億-KY,2308台達電,6803崑鼎,8341日友,5306桂盟,5903全家,2834臺企銀,6153嘉聯益,,9945潤泰新,,2723美食-KY,6451訊芯-KY,8454富邦媒,,,1256鮮活果汁-KY,,,
27,"('2524京城', 7)",3705永信,6409旭隼,2823中壽,1227佳格,6582申豐,6176瑞儀,9914美利達,6191精成科,,2915潤泰全,,2913農林,3034聯詠,8404百和興業-KY,,,5287數字,,,
28,"('2395研華', 7)",3036文曄,2540愛山林,2034允強,2633台灣高鐵,4966譜瑞-KY,3532台勝科,6121新普,6462神盾,,,,2206三陽工業,1102亞泥,3665貿聯-KY,,,5508永信建,,,
29,"('3533嘉澤', 7)",2308台達電,1256鮮活果汁-KY,2439美律,2231為升,2059川湖,3023信邦,5903全家,6605帝寶,,,,3704合勤控,1305華夏,5425台半,,,,,,
30,"('5269祥碩', 7)",3596智易,1707葡萄王,2504國產,3218大學光,2606裕民,1907永豐餘,6176瑞儀,9945潤泰新,,,,4414如興,6146耕興,2542興富發,,,,,,
31,"('2723美食-KY', 7)",6409旭隼,2360致茂,3014聯陽,8454富邦媒,2707晶華,1477聚陽,2923鼎固-KY,,,,,1598岱宇,1477聚陽,1310台苯,,,,,,
32,"('5508永信建', 7)",1256鮮活果汁-KY,5530龍巖,1582信錦,3152璟德,6121新普,6269台郡,2313華通,,,,,3152璟德,2308台達電,9802鈺齊-KY,,,,,,
33,"('1789神隆', 7)",3044健鼎,2428興勤,1104環泥,8462柏文,6531愛普,2201裕隆,3532台勝科,,,,,5530龍巖,2356英業達,2524京城,,,,,,
34,"('6269台郡', 7)",1707葡萄王,4506崇友,3708上緯投控,6472保瑞,2379瑞昱,2404漢唐,3023信邦,,,,,8039台虹,9910豐泰,1312國喬,,,,,,
35,"('6561是方', 7)",2352佳世達,1201味全,4919新唐,2105正新,8482商億-KY,6116彩晶,3533嘉澤,,,,,2337旺宏,3035智原,1609大亞,,,,,,
36,"('5289宜鼎', 7)",2345智邦,6510精測,2344華邦電,3529力旺,3705永信,9917中保科,1477聚陽,,,,,1795美時,3653健策,1210大成,,,,,,
37,"('3293鈊象', 7)",2360致茂,3661世芯-KY,8404百和興業-KY,1614三洋電,2534宏盛,3661世芯-KY,6269台郡,,,,,1614三洋電,2880華南金,5536聖暉,,,,,,
38,"('9938百和', 7)",2597潤弘,2340光磊,1907永豐餘,2542興富發,4935茂林-KY,3576聯合再生,2404漢唐,,,,,9945潤泰新,4966譜瑞-KY,3703欣陸,,,,,,
39,"('6670復盛應用', 7)",2428興勤,6589台康生技,2330台積電,5904寶雅,3034聯詠,3706神達,9917中保科,,,,,3090日電貿,3231緯創,2340光磊,,,,,,
40,"('2520冠德', 7)",4506崇友,2524京城,2836高雄銀,4743合一,9925新保,2903遠百,6456GIS-KY,,,,,6285啟碁,4938和碩,2867三商壽,,,,,,
41,"('3680家登', 7)",5457宣德,3653健策,2886兆豐金,3016嘉晶,2308台達電,9941裕融,3661世芯-KY,,,,,6492生華科,5483中美晶,1582信錦,,,,,,
42,"('9917中保科', 7)",1232大統益,2337旺宏,2104國際中橡,2395研華,6409旭隼,2838聯邦銀,3576聯合再生,,,,,2609陽明,2395研華,2451創見,,,,,,
43,"('4536拓凱', 7)",2382廣達,2723美食-KY,1101台泥,8086宏捷科,2451創見,3036文曄,3706神達,,,,,2481強茂,6670復盛應用,8482商億-KY,,,,,,
44,"('6176瑞儀', 7)",3661世芯-KY,2923鼎固-KY,6456GIS-KY,2412中華電,1256鮮活果汁-KY,4123晟德,2101南港,,,,,2379瑞昱,,2501國建,,,,,,
45,"('3443創意', 7)",3653健策,2449京元電子,5306桂盟,3059華晶科,3044健鼎,3653健策,9941裕融,,,,,6120達運,,3380明泰,,,,,,
46,"('4904遠傳', 7)",2404漢唐,4107邦特,2501國建,1216統一,1707葡萄王,2106建大,3665貿聯-KY,,,,,1216統一,,9914美利達,,,,,,
47,"('2373震旦行', 7)",2449京元電子,8016矽創,6582申豐,3081聯亞,2303聯電,2439美律,3036文曄,,,,,6223旺矽,,9940信義,,,,,,
48,"('3211順達', 7)",6274台燿,5274信驊,4966譜瑞-KY,1326台化,2360致茂,6285啟碁,4123晟德,,,,,8081致新,,6188廣明,,,,,,
49,"('6223旺矽', 7)",3078僑威,5522遠雄,2059川湖,1536和大,5530龍巖,3005神基,2106建大,,,,,5471松翰,,1218泰山,,,,,,
50,"('3218大學光', 7)",4107邦特,5508永信建,3005神基,5903全家,2428興勤,1736喬山,2439美律,,,,,6576逸達,,6213聯茂,,,,,,
51,"('9941裕融', 7)",3010華立,6180橘子,2606裕民,4904遠傳,4506崇友,2368金像電,6285啟碁,,,,,6412群電,,3189景碩,,,,,,
52,"('4968立積', 7)",3665貿聯-KY,6166凌華,2707晶華,1218泰山,5457宣德,2451創見,3005神基,,,,,4958臻鼎-KY,,8213志超,,,,,,
53,"('2915潤泰全', 7)",8016矽創,3563牧德,6121新普,1590亞德客-KY,6510精測,2206三陽工業,1736喬山,,,,,6605帝寶,,2723美食-KY,,,,,,
54,"('8255朋程', 7)",5274信驊,5471松翰,2379瑞昱,3707漢磊,3661世芯-KY,2204中華,2206三陽工業,,,,,1717長興,,6443元晶,,,,,,
55,"('4966譜瑞-KY', 7)",6180橘子,2417圓剛,4438廣越,2884玉山金,3189景碩,2634漢翔,2204中華,,,,,3680家登,,2913農林,,,,,,
56,"('2379瑞昱', 7)",8112至上,4157太景*-KY,1711永光,3680家登,2340光磊,2723美食-KY,2634漢翔,,,,,2371大同,,2887台新金,,,,,,
57,"('6803崑鼎', 7)",3563牧德,5347世界,2890永豐金,8255朋程,2524京城,1503士電,6446藥華藥,,,,,2383台光電,,2206三陽工業,,,,,,
58,"('6409旭隼', 7)",4958臻鼎-KY,1560中砂,8482商億-KY,6533晶心科,3653健策,1440南紡,2723美食-KY,,,,,2637慧洋-KY,,3704合勤控,,,,,,
59,"('5876上海商銀', 7)",5471松翰,1903士紙,3705永信,3045台灣大,1513中興電,3081聯亞,1503士電,,,,,9921巨大,,4414如興,,,,,,
60,"('8039台虹', 7)",5347世界,4123晟德,8213志超,,2337旺宏,8436大江,3376新日興,,,,,6271同欣電,,2009第一銅,,,,,,
61,"('2597潤弘', 7)",1560中砂,1789神隆,1726永記,,2404漢唐,2104國際中橡,1440南紡,,,,,2615萬海,,5522遠雄,,,,,,
62,"('6451訊芯-KY', 7)",8917欣泰,4137麗豐-KY,2534宏盛,,2449京元電子,3017奇鋐,3081聯亞,,,,,1513中興電,,3530晶相光,,,,,,
63,"('1795美時', 7)",4137麗豐-KY,4551智伸科,2634漢翔,,3078僑威,2231為升,2498宏達電,,,,,5289宜鼎,,2504國產,,,,,,
64,"('2404漢唐', 7)",4551智伸科,6462神盾,3036文曄,,4107邦特,2855統一證,2392正崴,,,,,2417圓剛,,1598岱宇,,,,,,
65,"('3706神達', 7)",8081致新,8081致新,4935茂林-KY,,8016矽創,4968立積,2104國際中橡,,,,,5269祥碩,,3152璟德,,,,,,
66,"('2474可成', 6)",6561是方,4968立積,1402遠東新,,5274信驊,6214精誠,3017奇鋐,,,,,5871中租-KY,,1507永大,,,,,,
67,"('3017奇鋐', 6)",6488環球晶,5531鄉林,2353宏碁,,5522遠雄,6414樺漢,2231為升,,,,,8917欣泰,,2231為升,,,,,,
68,"('3704合勤控', 6)",4105東洋,6561是方,9925新保,,5508永信建,8926台汽電,4968立積,,,,,3533嘉澤,,5457宣德,,,,,,
69,"('3532台勝科', 6)",5425台半,6488環球晶,2308台達電,,2478大毅,6670復盛應用,6414樺漢,,,,,2207和泰車,,6409旭隼,,,,,,
70,"('9908大台北', 6)",8069元太,4576大銀微系統,3596智易,,6180橘子,4147中裕,5534長虹,,,,,6023元大期,,5530龍巖,,,,,,
71,"('6504南六', 6)",2458義隆,1736喬山,2511太子,,3563牧德,9938百和,1789神隆,,,,,3022威強電,,2354鴻準,,,,,,
72,"('2105正新', 6)",4736泰博,4105東洋,6409旭隼,,2049上銀,2867三商壽,6670復盛應用,,,,,6191精成科,,4961天鈺,,,,,,
73,"('3227原相', 6)",6643M31,5425台半,2451創見,,4958臻鼎-KY,6196帆宣,1319東陽,,,,,6732昇佳電子,,8039台虹,,,,,,
74,"('5904寶雅', 6)",8908欣雄,8069元太,2393億光,,5471松翰,1232大統益,5530龍巖,,,,,6278台表科,,2337旺宏,,,,,,
75,"('1102亞泥', 6)",5871中租-KY,2458義隆,1256鮮活果汁-KY,,2637慧洋-KY,2373震旦行,9938百和,,,,,2368金像電,,2851中再保,,,,,,
76,"('6415矽力-KY', 6)",9914美利達,4736泰博,3044健鼎,,5347世界,2428興勤,2373震旦行,,,,,3211順達,,8926台汽電,,,,,,
77,"('6605帝寶', 6)",6176瑞儀,6643M31,1707葡萄王,,1560中砂,2820華票,6492生華科,,,,,1314中石化,,2344華邦電,,,,,,
78,"('3376新日興', 6)",3443創意,3228金麗科,2820華票,,8917欣泰,6153嘉聯益,6153嘉聯益,,,,,2836高雄銀,,4927泰鼎-KY,,,,,,
79,"('8462柏文', 6)",6277宏正,5871中租-KY,2845遠東銀,,1789神隆,1795美時,1795美時,,,,,6464台數科,,1795美時,,,,,,
80,"('2633台灣高鐵', 6)",8341日友,9943好樂迪,2352佳世達,,4137麗豐-KY,3596智易,3596智易,,,,,2892第一金,,1614三洋電,,,,,,
81,"('2239英利-KY', 6)",2301光寶科,3443創意,2345智邦,,4551智伸科,5388中磊,5388中磊,,,,,2031新光鋼,,9945潤泰新,,,,,,
82,"('1565精華', 6)",3211順達,6277宏正,2303聯電,,8081致新,3515華擎,3515華擎,,,,,3014聯陽,,2897王道銀行,,,,,,
83,"('9921巨大', 6)",6223旺矽,8341日友,2360致茂,,6561是方,4766南寶,1215卜蜂,,,,,3596智易,,2375凱美,,,,,,
84,"('1736喬山', 6)",2520冠德,1598岱宇,5530龍巖,,6488環球晶,2905三商,4766南寶,,,,,2204中華,,3090日電貿,,,,,,
85,"('2455全新', 6)",3131弘塑,2408南亞科,2597潤弘,,4576大銀微系統,4551智伸科,3673TPK-KY,,,,,2002中鋼,,1101台泥,,,,,,
86,"('3450聯鈞', 6)",3218大學光,6223旺矽,2328廣宇,,9802鈺齊-KY,3026禾伸堂,3264欣銓,,,,,2023燁輝,,6285啟碁,,,,,,
87,"('3035智原', 6)",5287數字,6576逸達,2428興勤,,3017奇鋐,6230超眾,2905三商,,,,,2014中鴻,,6531愛普,,,,,,
88,"('2417圓剛', 6)",6213聯茂,6177達麗,4506崇友,,4105東洋,2897王道銀行,2332友訊,,,,,4551智伸科,,2104國際中橡,,,,,,
89,"('3152璟德', 6)",9940信義,2520冠德,1201味全,,5425台半,9908大台北,3026禾伸堂,,,,,5434崇越,,8069元太,,,,,,
90,"('2542興富發', 6)",9910豐泰,3131弘塑,2801彰銀,,3217優群,2312金寶,6230超眾,,,,,8462柏文,,3705永信,,,,,,
91,"('2903遠百', 6)",6412群電,2231為升,5457宣德,,8069元太,3380明泰,9908大台北,,,,,2809京城銀,,2609陽明,,,,,,
92,"('2337旺宏', 6)",8454富邦媒,1795美時,1232大統益,,2458義隆,2707晶華,8422可寧衛,,,,,2888新光金,,2481強茂,,,,,,
93,"('2340光磊', 6)",2385群光,3218大學光,2382廣達,,4736泰博,3413京鼎,2312金寶,,,,,3576聯合再生,,3081聯亞,,,,,,
94,"('5530龍巖', 6)",6464台數科,5287數字,6510精測,,1315達新,9939宏全,3380明泰,,,,,2421建準,,2379瑞昱,,,,,,
95,"('3081聯亞', 6)",8299群聯,9940信義,2883開發金,,6643M31,2520冠德,2707晶華,,,,,2855統一證,,6120達運,,,,,,
96,"('5478智冠', 6)",4915致伸,2614東森,2535達欣工,,5871中租-KY,3260威剛,2520冠德,,,,,3227原相,,1434福懋,,,,,,
97,"('2834臺企銀', 6)",6269台郡,6464台數科,3661世芯-KY,,3008大立光,1718中纖,3704合勤控,,,,,5531鄉林,,2458義隆,,,,,,
98,"('9943好樂迪', 6)",5469瀚宇博,3152璟德,9907統一實,,9914美利達,3704合勤控,4157太景*-KY,,,,,6244茂迪,,5820日盛金,,,,,,
99,"('6414樺漢', 6)",6173信昌電,1702南僑,4766南寶,,6176瑞儀,4157太景*-KY,3552同致,,,,,2103台橡,,3324雙鴻,,,,,,
100,"('9904寶成', 6)",9930中聯資源,6173信昌電,2340光磊,,3443創意,3552同致,6023元大期,,,,,6230超眾,,2401凌陽,,,,,,
101,"('4935茂林-KY', 6)",5483中美晶,3105穩懋,2524京城,,6277宏正,6023元大期,5531鄉林,,,,,6177達麗,,2539櫻花建,,,,,,
102,"('2206三陽工業', 6)",6472保瑞,6579研揚,3653健策,,8341日友,4935茂林-KY,6803崑鼎,,,,,2376技嘉,,1216統一,,,,,,
103,"('1590亞德客-KY', 6)",2327國巨,5483中美晶,1513中興電,,4961天鈺,6166凌華,4935茂林-KY,,,,,2106建大,,9937全國,,,,,,
104,"('2303聯電', 6)",1476儒鴻,6472保瑞,2337旺宏,,3450聯鈞,6464台數科,6464台數科,,,,,1303南亞,,6223旺矽,,,,,,
105,"('2637慧洋-KY', 6)",8422可寧衛,2327國巨,2723美食-KY,,2408南亞科,4536拓凱,4536拓凱,,,,,1319東陽,,5478智冠,,,,,,
106,"('2357華碩', 6)",3312弘憶股,1476儒鴻,2404漢唐,,6223旺矽,6451訊芯-KY,2367燿華,,,,,2027大成鋼,,8081致新,,,,,,
107,"('3260威剛', 6)",6279胡連,8422可寧衛,2449京元電子,,6177達麗,6504南六,6451訊芯-KY,,,,,2597潤弘,,2498宏達電,,,,,,
108,"('1234黑松', 6)",3529力旺,6279胡連,6274台燿,,6147頎邦,1702南僑,6504南六,,,,,1229聯華,,2614東森,,,,,,
109,"('6153嘉聯益', 6)",5388中磊,3529力旺,3078僑威,,2520冠德,2421建準,2208台船,,,,,3376新日興,,1710東聯,,,,,,
110,"('2108南帝', 6)",3090日電貿,8436大江,4107邦特,,3131弘塑,1234黑松,2421建準,,,,,8415大國鋼,,5471松翰,,,,,,
111,"('6456GIS-KY', 6)",6548長科*,2542興富發,3010華立,,3532台勝科,1519華城,1234黑松,,,,,2208台船,,6412群電,,,,,,
112,"('5347世界', 6)",2373震旦行,2373震旦行,3665貿聯-KY,,2231為升,2387精元,1519華城,,,,,4105東洋,,4958臻鼎-KY,,,,,,
113,"('2428興勤', 6)",5904寶雅,5904寶雅,8016矽創,,1795美時,6533晶心科,2387精元,,,,,1308亞聚,,1309台達化,,,,,,
114,"('5287數字', 6)",2395研華,6446藥華藥,5274信驊,,1605華新,3211順達,6533晶心科,,,,,1711永光,,6605帝寶,,,,,,
115,"('8917欣泰', 6)",5269祥碩,2395研華,5522遠雄,,3218大學光,1905華紙,3211順達,,,,,3131弘塑,,2428興勤,,,,,,
116,"('3131弘塑', 6)",6706惠特,5269祥碩,1314中石化,,5287數字,6244茂迪,1905華紙,,,,,1905華紙,,4736泰博,,,,,,
117,"('3014聯陽', 6)",1717長興,6706惠特,1519華城,,9908大台北,5478智冠,5478智冠,,,,,6269台郡,,3023信邦,,,,,,
118,"('8341日友', 6)",2347聯強,2401凌陽,5508永信建,,1477聚陽,3228金麗科,3228金麗科,,,,,6415矽力-KY,,6706惠特,,,,,,
119,"('9914美利達', 6)",6415矽力-KY,6415矽力-KY,2478大毅,,6464台數科,2239英利-KY,2239英利-KY,,,,,2618長榮航,,1717長興,,,,,,
120,"('8908欣雄', 6)",9921巨大,2903遠百,6180橘子,,3152璟德,1537廣隆,6462神盾,,,,,1537廣隆,,3680家登,,,,,,
121,"('4137麗豐-KY', 6)",2313華通,3022威強電,8112至上,,6191精成科,8462柏文,1537廣隆,,,,,6547高端疫苗,,2371大同,,,,,,
122,"('2439美律', 6)",6239力成,2545皇翔,6166凌華,,6269台郡,6279胡連,8039台虹,,,,,3481群創,,2383台光電,,,,,,
123,"('8069元太', 6)",8131福懋科,1565精華,2809京城銀,,6188廣明,2704國賓,8462柏文,,,,,2633台灣高鐵,,8422可寧衛,,,,,,
124,"('5425台半', 6)",1565精華,5289宜鼎,3563牧德,,2375凱美,6188廣明,6579研揚,,,,,2357華碩,,2637慧洋-KY,,,,,,
125,"('4105東洋', 6)",2377微星,2412中華電,4958臻鼎-KY,,5469瀚宇博,6472保瑞,6279胡連,,,,,2834臺企銀,,9921巨大,,,,,,
126,"('8081致新', 6)",5289宜鼎,3533嘉澤,5471松翰,,6173信昌電,4906正文,2704國賓,,,,,6504南六,,6271同欣電,,,,,,
127,"('2912統一超', 6)",3533嘉澤,1216統一,3673TPK-KY,,1773勝一,2547日勝生,6472保瑞,,,,,6456GIS-KY,,2615萬海,,,,,,
128,"('4506崇友', 6)",1216統一,3081聯亞,2637慧洋-KY,,2351順德,3078僑威,4438廣越,,,,,2201裕隆,,1513中興電,,,,,,
129,"('4958臻鼎-KY', 6)",1215卜蜂,2388威盛,2417圓剛,,6579研揚,6643M31,4906正文,,,,,6277宏正,,3059華晶科,,,,,,
130,"('2345智邦', 6)",6146耕興,6146耕興,2331精英,,5483中美晶,8255朋程,1714和桐,,,,,6176瑞儀,,5289宜鼎,,,,,,
131,"('4107邦特', 6)",3227原相,3227原相,5347世界,,8046南電,3450聯鈞,8908欣雄,,,,,4123晟德,,2417圓剛,,,,,,
132,"('2059川湖', 6)",4536拓凱,4536拓凱,2106建大,,6472保瑞,6589台康生技,6643M31,,,,,6279胡連,,5269祥碩,,,,,,
133,"('3563牧德', 6)",2015豐興,2539櫻花建,1560中砂,,2327國巨,6277宏正,8255朋程,,,,,1605華新,,5871中租-KY,,,,,,
134,"('3596智易', 6)",2441超豐,5903全家,8917欣泰,,3711日月光投控,1256鮮活果汁-KY,6589台康生技,,,,,5534長虹,,4968立積,,,,,,
135,"('8422可寧衛', 6)",5903全家,4904遠傳,2887台新金,,1476儒鴻,3022威強電,1110東泥,,,,,2338光罩,,8917欣泰,,,,,,
136,"('2327國巨', 6)",4904遠傳,3293鈊象,1789神隆,,8422可寧衛,5243乙盛-KY,6277宏正,,,,,3260威剛,,8436大江,,,,,,
137,"('8482商億-KY', 6)",8210勤誠,3035智原,4137麗豐-KY,,6592和潤企業,8210勤誠,3022威強電,,,,,2455全新,,3533嘉澤,,,,,,
138,"('6180橘子', 6)",3293鈊象,2913農林,4551智伸科,,6279胡連,2727王品,5243乙盛-KY,,,,,2377微星,,2207和泰車,,,,,,
139,"('5274信驊', 6)",1785光洋科,2455全新,8081致新,,3529力旺,6605帝寶,1315達新,,,,,3042晶技,,2327國巨,,,,,,
140,,2850新產,9941裕融,3380明泰,,5007三星,3059華晶科,3059華晶科,,,,,3312弘憶股,,6023元大期,,,,,,
141,,2455全新,1590亞德客-KY,4968立積,,8436大江,2102泰豐,2102泰豐,,,,,9930中聯資源,,5274信驊,,,,,,
142,,9941裕融,9917中保科,2362藍天,,6548長科*,2417圓剛,2417圓剛,,,,,2838聯邦銀,,4438廣越,,,,,,
143,,1590亞德客-KY,6182合晶,2812台中銀,,2492華新科,8404百和興業-KY,4107邦特,,,,,6153嘉聯益,,3022威強電,,,,,,
144,,2206三陽工業,1234黑松,6561是方,,2373震旦行,9943好樂迪,9943好樂迪,,,,,1773勝一,,3545敦泰,,,,,,
145,,9917中保科,3680家登,6488環球晶,,5904寶雅,5508永信建,8917欣泰,,,,,2105正新,,6191精成科,,,,,,
146,,8070長華*,8255朋程,4576大銀微系統,,3016嘉晶,1589永冠-KY,6576逸達,,,,,1304台聚,,6732昇佳電子,,,,,,
147,,6414樺漢,6533晶心科,1736喬山,,2481強茂,2597潤弘,1307三芳,,,,,3293鈊象,,2903遠百,,,,,,
148,,3680家登,1419新紡,4532瑞智,,2395研華,,1589永冠-KY,,,,,3105穩懋,,9911櫻花,,,,,,
149,,2548華固,9938百和,4105東洋,,5269祥碩,,2597潤弘,,,,,3010華立,,6278台表科,,,,,,
150,,3324雙鴻,2915潤泰全,2357華碩,,6706惠特,,,,,,,2608嘉里大榮,,2345智邦,,,,,,
151,,9938百和,2454聯發科,1307三芳,,3042晶技,,,,,,,5508永信建,,2239英利-KY,,,,,,
152,,6670復盛應用,,2867三商壽,,6415矽力-KY,,,,,,,6147頎邦,,6669緯穎,,,,,,
153,,3045台灣大,,5425台半,,6732昇佳電子,,,,,,,6451訊芯-KY,,2059川湖,,,,,,
154,,,,8358金居,,2313華通,,,,,,,8299群聯,,2368金像電,,,,,,
155,,,,2880華南金,,3022威強電,,,,,,,9907統一實,,4904遠傳,,,,,,
156,,,,8069元太,,3264欣銓,,,,,,,3034聯詠,,3211順達,,,,,,
157,,,,2458義隆,,2545皇翔,,,,,,,1785光洋科,,2363矽統,,,,,,
158,,,,4736泰博,,6239力成,,,,,,,6589台康生技,,9943好樂迪,,,,,,
159,,,,1315達新,,8942森鉅,,,,,,,6180橘子,,1314中石化,,,,,,
160,,,,6643M31,,8131福懋科,,,,,,,4743合一,,1532勤美,,,,,,
161,,,,3260威剛,,1565精華,,,,,,,2474可成,,2836高雄銀,,,,,,
162,,,,8908欣雄,,5289宜鼎,,,,,,,1904正隆,,3552同致,,,,,,
163,,,,5871中租-KY,,6271同欣電,,,,,,,2409友達,,3532台勝科,,,,,,
164,,,,9943好樂迪,,2412中華電,,,,,,,2606裕民,,2360致茂,,,,,,
165,,,,9914美利達,,3533嘉澤,,,,,,,1589永冠-KY,,6803崑鼎,,,,,,
166,,,,2002中鋼,,2368金像電,,,,,,,8044網家,,2845遠東銀,,,,,,
167,,,,6176瑞儀,,2388威盛,,,,,,,1102亞泥,,6464台數科,,,,,,
168,,,,3443創意,,2608嘉里大榮,,,,,,,1315達新,,1301台塑,,,,,,
169,,,,1103嘉泥,,2603長榮,,,,,,,1402遠東新,,2892第一金,,,,,,
170,,,,2489瑞軒,,1537廣隆,,,,,,,5903全家,,6182合晶,,,,,,
171,,,,6277宏正,,6146耕興,,,,,,,1565精華,,2886兆豐金,,,,,,
172,,,,8341日友,,6284佳邦,,,,,,,2605新興,,2031新光鋼,,,,,,
173,,,,2301光寶科,,3227原相,,,,,,,4506崇友,,8255朋程,,,,,,
174,,,,4961天鈺,,4536拓凱,,,,,,,2010春源,,2404漢唐,,,,,,
175,,,,1598岱宇,,5536聖暉,,,,,,,2439美律,,3014聯陽,,,,,,
176,,,,3450聯鈞,,8926台汽電,,,,,,,3026禾伸堂,,3596智易,,,,,,
177,,,,2408南亞科,,2539櫻花建,,,,,,,2101南港,,8150南茂,,,,,,
178,,,,2849安泰銀,,3406玉晶光,,,,,,,1305華夏,,2204中華,,,,,,
179,,,,2376技嘉,,2441超豐,,,,,,,2890永豐金,,2002中鋼,,,,,,
180,,,,6023元大期,,3413京鼎,,,,,,,5347世界,,2023燁輝,,,,,,
181,,,,6005群益證,,4904遠傳,,,,,,,2308台達電,,2014中鴻,,,,,,
182,,,,2312金寶,,1102亞泥,,,,,,,2547日勝生,,4551智伸科,,,,,,
183,,,,3211順達,,2615萬海,,,,,,,2356英業達,,1909榮成,,,,,,
184,,,,6223旺矽,,3293鈊象,,,,,,,3008大立光,,5434崇越,,,,,,
185,,,,1434福懋,,3035智原,,,,,,,2478大毅,,8462柏文,,,,,,
186,,,,2355敬鵬,,6605帝寶,,,,,,,3563牧德,,6284佳邦,,,,,,
187,,,,1303南亞,,3376新日興,,,,,,,9910豐泰,,2809京城銀,,,,,,
188,,,,6177達麗,,1308亞聚,,,,,,,2352佳世達,,1215卜蜂,,,,,,
189,,,,2317鴻海,,9939宏全,,,,,,,2540愛山林,,2888新光金,,,,,,
190,,,,6451訊芯-KY,,2455全新,,,,,,,9925新保,,3576聯合再生,,,,,,
191,,,,1227佳格,,9941裕融,,,,,,,5876上海商銀,,2421建準,,,,,,
192,,,,5243乙盛-KY,,6491晶碩,,,,,,,2331精英,,2449京元電子,,,,,,
193,,,,6230超眾,,2609陽明,,,,,,,6282康舒,,2855統一證,,,,,,
194,,,,2633台灣高鐵,,8039台虹,,,,,,,6462神盾,,8131福懋科,,,,,,
195,,,,1304台聚,,1590亞德客-KY,,,,,,,1515力山,,3227原相,,,,,,
196,,,,2520冠德,,9917中保科,,,,,,,3682亞太電,,4536拓凱,,,,,,
197,,,,3131弘塑,,2474可成,,,,,,,3450聯鈞,,6239力成,,,,,,
198,,,,3532台勝科,,6202盛群,,,,,,,1789神隆,,5531鄉林,,,,,,
199,,,,2231為升,,3037欣興,,,,,,,3653健策,,2891中信金,,,,,,
200,,,,1795美時,,3707漢磊,,,,,,,4147中裕,,6244茂迪,,,,,,
201,,,,1605華新,,6182合晶,,,,,,,3529力旺,,2520冠德,,,,,,
202,,,,3218大學光,,1722台肥,,,,,,,2362藍天,,2373震旦行,,,,,,
203,,,,2838聯邦銀,,8070長華*,,,,,,,9904寶成,,2103台橡,,,,,,
204,,,,5287數字,,1234黑松,,,,,,,6472保瑞,,9941裕融,,,,,,
205,,,,6213聯茂,,2607榮運,,,,,,,3264欣銓,,6230超眾,,,,,,
206,,,,1714和桐,,9945潤泰新,,,,,,,3706神達,,6202盛群,,,,,,
207,,,,9940信義,,3680家登,,,,,,,2908特力,,3702大聯大,,,,,,
208,,,,9908大台北,,8255朋程,,,,,,,2108南帝,,6177達麗,,,,,,
209,,,,2885元大金,,6533晶心科,,,,,,,4306炎洲,,2376技嘉,,,,,,
210,,,,5880合庫金,,2548華固,,,,,,,3019亞光,,2106建大,,,,,,
211,,,,9910豐泰,,1419新紡,,,,,,,4142國光生,,2884玉山金,,,,,,
212,,,,2905三商,,9938百和,,,,,,,4935茂林-KY,,1303南亞,,,,,,
213,,,,6412群電,,6257矽格,,,,,,,2880華南金,,2905三商,,,,,,
214,,,,8454富邦媒,,2915潤泰全,,,,,,,5880合庫金,,1319東陽,,,,,,
215,,,,2385群光,,2454聯發科,,,,,,,2303聯電,,2027大成鋼,,,,,,
216,,,,6464台數科,,6670復盛應用,,,,,,,1476儒鴻,,2324仁寶,,,,,,
217,,,,3152璟德,,3706神達,,,,,,,6414樺漢,,3036文曄,,,,,,
218,,,,6191精成科,,,,,,,,,4966譜瑞-KY,,6510精測,,,,,,
219,,,,1702南僑,,,,,,,,,1736喬山,,1723中碳,,,,,,
220,,,,8299群聯,,,,,,,,,2102泰豐,,5469瀚宇博,,,,,,
221,,,,4915致伸,,,,,,,,,2328廣宇,,1590亞德客-KY,,,,,,
222,,,,6269台郡,,,,,,,,,2355敬鵬,,2597潤弘,,,,,,
223,,,,6188廣明,,,,,,,,,2006東和鋼鐵,,1229聯華,,,,,,
224,,,,2375凱美,,,,,,,,,3630新鉅科,,9908大台北,,,,,,
225,,,,5469瀚宇博,,,,,,,,,1313聯成,,1726永記,,,,,,
226,,,,6173信昌電,,,,,,,,,2707晶華,,3376新日興,,,,,,
227,,,,3019亞光,,,,,,,,,1440南紡,,8415大國鋼,,,,,,
228,,,,3105穩懋,,,,,,,,,1802台玻,,1326台化,,,,,,
229,,,,9930中聯資源,,,,,,,,,8908欣雄,,2208台船,,,,,,
230,,,,6504南六,,,,,,,,,3017奇鋐,,4105東洋,,,,,,
231,,,,2351順德,,,,,,,,,6548長科*,,1308亞聚,,,,,,
232,,,,6579研揚,,,,,,,,,1201味全,,2454聯發科,,,,,,
233,,,,5483中美晶,,,,,,,,,5007三星,,1711永光,,,,,,
234,,,,8046南電,,,,,,,,,9939宏全,,5243乙盛-KY,,,,,,
235,,,,6472保瑞,,,,,,,,,1808潤隆,,1905華紙,,,,,,
236,,,,2327國巨,,,,,,,,,1103嘉泥,,6269台郡,,,,,,
237,,,,3711日月光投控,,,,,,,,,2035唐榮,,6415矽力-KY,,,,,,
238,,,,1476儒鴻,,,,,,,,,,,3711日月光投控,,,,,,
239,,,,8422可寧衛,,,,,,,,,,,2347聯強,,,,,,
240,,,,3312弘憶股,,,,,,,,,,,2492華新科,,,,,,
241,,,,4938和碩,,,,,,,,,,,6541泰福-KY,,,,,,
242,,,,2006東和鋼鐵,,,,,,,,,,,2881富邦金,,,,,,
243,,,,2105正新,,,,,,,,,,,2618長榮航,,,,,,
244,,,,6279胡連,,,,,,,,,,,3006晶豪科,,,,,,
245,,,,3529力旺,,,,,,,,,,,2823中壽,,,,,,
246,,,,5388中磊,,,,,,,,,,,1537廣隆,,,,,,
247,,,,1614三洋電,,,,,,,,,,,6257矽格,,,,,,
248,,,,2356英業達,,,,,,,,,,,3481群創,,,,,,
249,,,,5007三星,,,,,,,,,,,1232大統益,,,,,,
250,,,,2338光罩,,,,,,,,,,,6274台燿,,,,,,
251,,,,8436大江,,,,,,,,,,,3406玉晶光,,,,,,
252,,,,2542興富發,,,,,,,,,,,2633台灣高鐵,,,,,,
253,,,,3090日電貿,,,,,,,,,,,2357華碩,,,,,,
254,,,,2888新光金,,,,,,,,,,,3707漢磊,,,,,,
255,,,,2492華新科,,,,,,,,,,,2834臺企銀,,,,,,
256,,,,2373震旦行,,,,,,,,,,,1409新纖,,,,,,
257,,,,2387精元,,,,,,,,,,,6504南六,,,,,,
258,,,,5904寶雅,,,,,,,,,,,6456GIS-KY,,,,,,
259,,,,3016嘉晶,,,,,,,,,,,2885元大金,,,,,,
260,,,,2481強茂,,,,,,,,,,,2201裕隆,,,,,,
261,,,,2395研華,,,,,,,,,,,3218大學光,,,,,,
262,,,,1409新纖,,,,,,,,,,,6277宏正,,,,,,
263,,,,5269祥碩,,,,,,,,,,,4943康控-KY,,,,,,
264,,,,8086宏捷科,,,,,,,,,,,2889國票金,,,,,,
265,,,,6706惠特,,,,,,,,,,,2382廣達,,,,,,
266,,,,2401凌陽,,,,,,,,,,,2548華固,,,,,,
267,,,,1532勤美,,,,,,,,,,,3515華擎,,,,,,
268,,,,3042晶技,,,,,,,,,,,6176瑞儀,,,,,,
269,,,,1717長興,,,,,,,,,,,4123晟德,,,,,,
270,,,,2347聯強,,,,,,,,,,,1560中砂,,,,,,
271,,,,6415矽力-KY,,,,,,,,,,,6279胡連,,,,,,
272,,,,2891中信金,,,,,,,,,,,2313華通,,,,,,
273,,,,9921巨大,,,,,,,,,,,1605華新,,,,,,
274,,,,2313華通,,,,,,,,,,,2332友訊,,,,,,
275,,,,2903遠百,,,,,,,,,,,2330台積電,,,,,,
276,,,,6285啟碁,,,,,,,,,,,5534長虹,,,,,,
277,,,,3022威強電,,,,,,,,,,,2338光罩,,,,,,
278,,,,2545皇翔,,,,,,,,,,,2545皇翔,,,,,,
279,,,,1440南紡,,,,,,,,,,,3260威剛,,,,,,
280,,,,6239力成,,,,,,,,,,,2455全新,,,,,,
281,,,,8131福懋科,,,,,,,,,,,4107邦特,,,,,,
282,,,,1110東泥,,,,,,,,,,,2387精元,,,,,,
283,,,,1319東陽,,,,,,,,,,,2377微星,,,,,,
284,,,,1565精華,,,,,,,,,,,3042晶技,,,,,,
285,,,,2882國泰金,,,,,,,,,,,3312弘憶股,,,,,,
286,,,,2377微星,,,,,,,,,,,2812台中銀,,,,,,
287,,,,6282康舒,,,,,,,,,,,4532瑞智,,,,,,
288,,,,5289宜鼎,,,,,,,,,,,9930中聯資源,,,,,,
289,,,,1504東元,,,,,,,,,,,2353宏碁,,,,,,
290,,,,2855統一證,,,,,,,,,,,2838聯邦銀,,,,,,
291,,,,6271同欣電,,,,,,,,,,,6488環球晶,,,,,,
292,,,,2412中華電,,,,,,,,,,,6153嘉聯益,,,,,,
293,,,,3533嘉澤,,,,,,,,,,,4906正文,,,,,,
294,,,,2368金像電,,,,,,,,,,,1773勝一,,,,,,
295,,,,3059華晶科,,,,,,,,,,,2610華航,,,,,,
296,,,,1216統一,,,,,,,,,,,2105正新,,,,,,
297,,,,3081聯亞,,,,,,,,,,,1304台聚,,,,,,
298,,,,2388威盛,,,,,,,,,,,3293鈊象,,,,,,
299,,,,2608嘉里大榮,,,,,,,,,,,3105穩懋,,,,,,
300,,,,1215卜蜂,,,,,,,,,,,3661世芯-KY,,,,,,
301,,,,2892第一金,,,,,,,,,,,4766南寶,,,,,,
302,,,,2603長榮,,,,,,,,,,,2704國賓,,,,,,
303,,,,6146耕興,,,,,,,,,,,3037欣興,,,,,,
304,,,,2324仁寶,,,,,,,,,,,3010華立,,,,,,
305,,,,2515中工,,,,,,,,,,,2323中環,,,,,,
306,,,,2421建準,,,,,,,,,,,2608嘉里大榮,,,,,,
307,,,,6284佳邦,,,,,,,,,,,3016嘉晶,,,,,,
308,,,,1326台化,,,,,,,,,,,5508永信建,,,,,,
309,,,,5371中光電,,,,,,,,,,,6147頎邦,,,,,,
310,,,,3227原相,,,,,,,,,,,6173信昌電,,,,,,
311,,,,4536拓凱,,,,,,,,,,,4157太景*-KY,,,,,,
312,,,,2015豐興,,,,,,,,,,,3413京鼎,,,,,,
313,,,,2908特力,,,,,,,,,,,6451訊芯-KY,,,,,,
314,,,,8926台汽電,,,,,,,,,,,8299群聯,,,,,,
315,,,,2539櫻花建,,,,,,,,,,,6121新普,,,,,,
316,,,,1536和大,,,,,,,,,,,9907統一實,,,,,,
317,,,,2441超豐,,,,,,,,,,,3034聯詠,,,,,,
318,,,,1604聲寶,,,,,,,,,,,1785光洋科,,,,,,
319,,,,5903全家,,,,,,,,,,,1907永豐餘,,,,,,
320,,,,4904遠傳,,,,,,,,,,,6180橘子,,,,,,
321,,,,1102亞泥,,,,,,,,,,,2474可成,,,,,,
322,,,,8210勤誠,,,,,,,,,,,2301光寶科,,,,,,
323,,,,3293鈊象,,,,,,,,,,,6005群益證,,,,,,
324,,,,1785光洋科,,,,,,,,,,,6214精誠,,,,,,
325,,,,3035智原,,,,,,,,,,,1904正隆,,,,,,
326,,,,2850新產,,,,,,,,,,,2409友達,,,,,,
327,,,,3006晶豪科,,,,,,,,,,,2606裕民,,,,,,
328,,,,2897王道銀行,,,,,,,,,,,1589永冠-KY,,,,,,
329,,,,6605帝寶,,,,,,,,,,,9917中保科,,,,,,
330,,,,3376新日興,,,,,,,,,,,8044網家,,,,,,
331,,,,1308亞聚,,,,,,,,,,,1102亞泥,,,,,,
332,,,,5876上海商銀,,,,,,,,,,,1315達新,,,,,,
333,,,,1218泰山,,,,,,,,,,,1402遠東新,,,,,,
334,,,,2455全新,,,,,,,,,,,2883開發金,,,,,,
335,,,,9941裕融,,,,,,,,,,,5903全家,,,,,,
336,,,,1309台達化,,,,,,,,,,,2849安泰銀,,,,,,
337,,,,8039台虹,,,,,,,,,,,1565精華,,,,,,
338,,,,2889國票金,,,,,,,,,,,2605新興,,,,,,
339,,,,6214精誠,,,,,,,,,,,4506崇友,,,,,,
340,,,,1590亞德客-KY,,,,,,,,,,,2010春源,,,,,,
341,,,,2206三陽工業,,,,,,,,,,,2439美律,,,,,,
342,,,,9917中保科,,,,,,,,,,,3026禾伸堂,,,,,,
343,,,,2474可成,,,,,,,,,,,3045台灣大,,,,,,
344,,,,3037欣興,,,,,,,,,,,2101南港,,,,,,
345,,,,2010春源,,,,,,,,,,,3673TPK-KY,,,,,,
346,,,,6182合晶,,,,,,,,,,,1305華夏,,,,,,
347,,,,2884玉山金,,,,,,,,,,,6146耕興,,,,,,
348,,,,1722台肥,,,,,,,,,,,6196帆宣,,,,,,
349,,,,8070長華*,,,,,,,,,,,1477聚陽,,,,,,
350,,,,1234黑松,,,,,,,,,,,2890永豐金,,,,,,
351,,,,2239英利-KY,,,,,,,,,,,5347世界,,,,,,
352,,,,2607榮運,,,,,,,,,,,1234黑松,,,,,,
353,,,,6414樺漢,,,,,,,,,,,1722台肥,,,,,,
354,,,,4906正文,,,,,,,,,,,6491晶碩,,,,,,
355,,,,3680家登,,,,,,,,,,,2308台達電,,,,,,
356,,,,8255朋程,,,,,,,,,,,2547日勝生,,,,,,
357,,,,6533晶心科,,,,,,,,,,,2049上銀,,,,,,
358,,,,2548華固,,,,,,,,,,,2356英業達,,,,,,
359,,,,3324雙鴻,,,,,,,,,,,2535達欣工,,,,,,
360,,,,1419新紡,,,,,,,,,,,5306桂盟,,,,,,
361,,,,9938百和,,,,,,,,,,,2515中工,,,,,,
362,,,,2915潤泰全,,,,,,,,,,,3008大立光,,,,,,
363,,,,1210大成,,,,,,,,,,,8341日友,,,,,,
364,,,,2454聯發科,,,,,,,,,,,2478大毅,,,,,,
365,,,,6670復盛應用,,,,,,,,,,,8406金可-KY,,,,,,
366,,,,3706神達,,,,,,,,,,,2534宏盛,,,,,,
367,,,,3045台灣大,,,,,,,,,,,2408南亞科,,,,,,
368,,,,1609大亞,,,,,,,,,,,3563牧德,,,,,,
369,,,,1904正隆,,,,,,,,,,,9910豐泰,,,,,,
370,,,,,,,,,,,,,,,3030德律,,,,,,
371,,,,,,,,,,,,,,,2352佳世達,,,,,,
372,,,,,,,,,,,,,,,2540愛山林,,,,,,
373,,,,,,,,,,,,,,,9925新保,,,,,,
374,,,,,,,,,,,,,,,5876上海商銀,,,,,,
375,,,,,,,,,,,,,,,8942森鉅,,,,,,
376,,,,,,,,,,,,,,,2331精英,,,,,,
377,,,,,,,,,,,,,,,3005神基,,,,,,
378,,,,,,,,,,,,,,,2385群光,,,,,,
379,,,,,,,,,,,,,,,5371中光電,,,,,,
380,,,,,,,,,,,,,,,3035智原,,,,,,
381,,,,,,,,,,,,,,,8046南電,,,,,,
382,,,,,,,,,,,,,,,6282康舒,,,,,,
383,,,,,,,,,,,,,,,6462神盾,,,,,,
384,,,,,,,,,,,,,,,6582申豐,,,,,,
385,,,,,,,,,,,,,,,1256鮮活果汁-KY,,,,,,
386,,,,,,,,,,,,,,,5904寶雅,,,,,,
387,,,,,,,,,,,,,,,1515力山,,,,,,
388,,,,,,,,,,,,,,,3682亞太電,,,,,,
389,,,,,,,,,,,,,,,3450聯鈞,,,,,,
390,,,,,,,,,,,,,,,1789神隆,,,,,,
391,,,,,,,,,,,,,,,3653健策,,,,,,
392,,,,,,,,,,,,,,,3529力旺,,,,,,
393,,,,,,,,,,,,,,,2362藍天,,,,,,
394,,,,,,,,,,,,,,,1504東元,,,,,,
395,,,,,,,,,,,,,,,1707葡萄王,,,,,,
396,,,,,,,,,,,,,,,9938百和,,,,,,
397,,,,,,,,,,,,,,,2388威盛,,,,,,
398,,,,,,,,,,,,,,,9904寶成,,,,,,
399,,,,,,,,,,,,,,,4174浩鼎,,,,,,
400,,,,,,,,,,,,,,,3044健鼎,,,,,,
401,,,,,,,,,,,,,,,2634漢翔,,,,,,
402,,,,,,,,,,,,,,,6561是方,,,,,,
403,,,,,,,,,,,,,,,6472保瑞,,,,,,
404,,,,,,,,,,,,,,,8358金居,,,,,,
405,,,,,,,,,,,,,,,2351順德,,,,,,
406,,,,,,,,,,,,,,,3264欣銓,,,,,,
407,,,,,,,,,,,,,,,8016矽創,,,,,,
408,,,,,,,,,,,,,,,5287數字,,,,,,
409,,,,,,,,,,,,,,,3706神達,,,,,,
410,,,,,,,,,,,,,,,2312金寶,,,,,,
411,,,,,,,,,,,,,,,2317鴻海,,,,,,
412,,,,,,,,,,,,,,,2908特力,,,,,,
413,,,,,,,,,,,,,,,1110東泥,,,,,,
414,,,,,,,,,,,,,,,2108南帝,,,,,,
415,,,,,,,,,,,,,,,6505台塑化,,,,,,
416,,,,,,,,,,,,,,,4306炎洲,,,,,,
417,,,,,,,,,,,,,,,4137麗豐-KY,,,,,,
418,,,,,,,,,,,,,,,1604聲寶,,,,,,
419,,,,,,,,,,,,,,,3708上緯投控,,,,,,
420,,,,,,,,,,,,,,,3019亞光,,,,,,
421,,,,,,,,,,,,,,,4142國光生,,,,,,
422,,,,,,,,,,,,,,,4935茂林-KY,,,,,,
423,,,,,,,,,,,,,,,2880華南金,,,,,,
424,,,,,,,,,,,,,,,4915致伸,,,,,,
425,,,,,,,,,,,,,,,5880合庫金,,,,,,
426,,,,,,,,,,,,,,,2303聯電,,,,,,
427,,,,,,,,,,,,,,,2801彰銀,,,,,,
428,,,,,,,,,,,,,,,1476儒鴻,,,,,,
429,,,,,,,,,,,,,,,1227佳格,,,,,,
430,,,,,,,,,,,,,,,8112至上,,,,,,
431,,,,,,,,,,,,,,,6414樺漢,,,,,,
432,,,,,,,,,,,,,,,4966譜瑞-KY,,,,,,
433,,,,,,,,,,,,,,,3231緯創,,,,,,
434,,,,,,,,,,,,,,,3443創意,,,,,,
435,,,,,,,,,,,,,,,1736喬山,,,,,,
436,,,,,,,,,,,,,,,2102泰豐,,,,,,
437,,,,,,,,,,,,,,,2328廣宇,,,,,,
438,,,,,,,,,,,,,,,2603長榮,,,,,,
439,,,,,,,,,,,,,,,9958世紀鋼,,,,,,
440,,,,,,,,,,,,,,,2355敬鵬,,,,,,
441,,,,,,,,,,,,,,,4938和碩,,,,,,
442,,,,,,,,,,,,,,,5388中磊,,,,,,
443,,,,,,,,,,,,,,,8163達方,,,,,,
444,,,,,,,,,,,,,,,2006東和鋼鐵,,,,,,
445,,,,,,,,,,,,,,,2912統一超,,,,,,
446,,,,,,,,,,,,,,,2393億光,,,,,,
447,,,,,,,,,,,,,,,4919新唐,,,,,,
448,,,,,,,,,,,,,,,3630新鉅科,,,,,,
449,,,,,,,,,,,,,,,1503士電,,,,,,
450,,,,,,,,,,,,,,,1903士紙,,,,,,
451,,,,,,,,,,,,,,,1313聯成,,,,,,
452,,,,,,,,,,,,,,,2707晶華,,,,,,
453,,,,,,,,,,,,,,,8086宏捷科,,,,,,
454,,,,,,,,,,,,,,,3078僑威,,,,,,
455,,,,,,,,,,,,,,,1714和桐,,,,,,
456,,,,,,,,,,,,,,,2607榮運,,,,,,
457,,,,,,,,,,,,,,,6579研揚,,,,,,
458,,,,,,,,,,,,,,,2511太子,,,,,,
459,,,,,,,,,,,,,,,5483中美晶,,,,,,
460,,,,,,,,,,,,,,,1440南紡,,,,,,
461,,,,,,,,,,,,,,,2395研華,,,,,,
462,,,,,,,,,,,,,,,1307三芳,,,,,,
463,,,,,,,,,,,,,,,3691碩禾,,,,,,
464,,,,,,,,,,,,,,,1802台玻,,,,,,
465,,,,,,,,,,,,,,,2412中華電,,,,,,
466,,,,,,,,,,,,,,,3374精材,,,,,,
467,,,,,,,,,,,,,,,3049和鑫,,,,,,
468,,,,,,,,,,,,,,,8908欣雄,,,,,,
469,,,,,,,,,,,,,,,3017奇鋐,,,,,,
470,,,,,,,,,,,,,,,6548長科*,,,,,,
471,,,,,,,,,,,,,,,1201味全,,,,,,
472,,,,,,,,,,,,,,,5007三星,,,,,,
473,,,,,,,,,,,,,,,8464億豐,,,,,,
474,,,,,,,,,,,,,,,9939宏全,,,,,,
475,,,,,,,,,,,,,,,6533晶心科,,,,,,
476,,,,,,,,,,,,,,,1808潤隆,,,,,,
477,,,,,,,,,,,,,,,2820華票,,,,,,
478,,,,,,,,,,,,,,,1103嘉泥,,,,,,
479,,,,,,,,,,,,,,,2035唐榮,,,,,,
480,,,,,,,,,,,,,,,6670復盛應用,,,,,,
481,,,,,,,,,,,,,,,2034允強,,,,,,
482,,,,,,,,,,,,,,,2850新產,,,,,,
